TEMPORADA,JORNADA,RIVAL,DIA,HORA,LOCAL_VISITANTE,CAMPO,TIPO PARTIDO,CATEGORIA,DINAMICA,MIN_GANANDO,MIN_PERDIENDO,MIN_EMPATANDO,RESULTADO,GOLES_A_FAVOR_CASA,GOLES_EN_CONTRA_CASA,GOLES_EN_CONTRA_FUERA,GOLES_A_FAVOR_FUERA,PRIMERA_PARTE,SEGUNDA_PARTE,Se_Remonta,Nos_Remontan,Observaciones,MED_EDAD_11_T,Partido,DIA_SEM,OFICIAL,Arbitro,Asistente_1,Asistente_2
Temporada 2019/2020,0,Olleria CF,2/8/2019,8:00:00 p. m.,Visitante,Camp La Solana Olleria,Amistoso,0,Empatado,0,6,84,1-1,0,0,1,1,Empatada,Empatada,0,0,,20.5,1,viernes,No,,,
Temporada 2019/2020,0,UE Gandia,10/8/2019,8:00:00 p. m.,Visitante,Guillermo Olagüe Gandia,Amistoso,0,Empatado,24,0,66,1-1,0,0,1,1,Ganada,Perdida,0,0,,20.5,2,sábado,No,,,
Temporada 2019/2020,0,UD Carcaixent,13/8/2019,8:00:00 p. m.,Local,El Clariano,Amistoso,0,Perdido,0,70,20,2-3,2,3,0,0,Perdida,Ganada,0,0,,22.1,3,martes,No,,,
Temporada 2019/2020,0,CD Contestano,17/8/2019,8:00:00 p. m.,Local,El Clariano,Amistoso,0,Perdido,0,56,34,0-3,0,3,0,0,Perdida,Perdida,0,0,,20.5,4,sábado,No,,,
Temporada 2019/2020,0,CDE Altatoz CF,31/8/2019,7:30:00 p. m.,Local,El Clariano,Amistoso,0,Ganado,56,0,34,5-0,5,0,0,0,Ganada,Ganada,0,0,https://www.youtube.com/watch?v=slvgvugf2Jc&ab_channel=ALATOZCF,24.1,5,sábado,No,,,
Temporada 2019/2020,0,CF Ciudad Alcoy,7/9/2019,7:30:00 p. m.,Local,El Clariano,Amistoso,0,Empatado,11,2,77,2-2,2,2,0,0,Ganada,Perdida,0,1,,24.9,6,sábado,No,,,
Temporada 2019/2020,J2,Peña Madridista de Ibi,22/9/2019,6:00:00 p. m.,Local,El Clariano,Liga,2ª Regional,Ganado,6,78,6,3-1,3,1,0,0,Perdida,Ganada,1,0,,24.1,7,domingo,Si,,,
Temporada 2019/2020,J3,Beniarres CF,28/9/2019,6:00:00 p. m.,Visitante,Camp Municipal La Parada,Liga,2ª Regional,Empatado,0,0,90,0-0,0,0,0,0,Empatada,Empatada,0,0,https://www.facebook.com/agradaproductora/videos/752348488511678/,24.2,8,sábado,Si,,,
Temporada 2019/2020,J4,CF Agullent,6/10/2019,5:00:00 p. m.,Local,El Clariano,Liga,2ª Regional,Ganado,62,0,28,3-2,3,2,0,0,Ganada,Perdida,0,0,,24.2,9,domingo,Si,,,
Temporada 2019/2020,J1,CD Albaidense,10/10/2019,8:00:00 p. m.,Visitante,Camp Municipal Beniati,Liga,2ª Regional,Ganado,88,0,2,0-5,0,0,0,5,Ganada,Ganada,0,0,https://www.facebook.com/agradaproductora/videos/389564248611749/,21.7,10,jueves,Si,,,
Temporada 2019/2020,J5,CFS Racing Novelda,13/10/2019,4:45:00 p. m.,Visitante,Camp Municipal La Magdalena,Liga,2ª Regional,Ganado,52,0,38,1-4,0,0,1,4,Ganada,Ganada,0,0,,27.5,11,domingo,Si,,,
Temporada 2019/2020,J6,CE Bocairent,20/10/2019,5:00:00 p. m.,Local,El Clariano,Liga,2ª Regional,Ganado,50,0,40,3-1,3,1,0,0,Empatada,Ganada,0,0,https://www.youtube.com/watch?v=ILoi2Hs0a7Q&ab_channel=RafaelEscrig,21.0,12,domingo,Si,,,
Temporada 2019/2020,J7,CE Promeses,27/10/2019,5:00:00 p. m.,Local,El Clariano,Liga,2ª Regional,Ganado,49,0,41,2-0,2,0,0,0,Ganada,Ganada,0,0,https://www.youtube.com/watch?v=cTn3OAc6yIE&ab_channel=Gentdelescomarques,22.4,13,domingo,Si,,,
Temporada 2019/2020,J8,SD Vallada,3/11/2019,4:30:00 p. m.,Visitante,Camp Municipal de Vallada,Liga,2ª Regional,Empatado,25,0,65,1-1,0,0,1,1,Empatada,Empatada,0,0,https://www.facebook.com/agradaproductora/videos/2431533293753078/,22.4,14,domingo,Si,,,
Temporada 2019/2020,J9,Font de la Figuera CF,10/11/2019,5:00:00 p. m.,Local,El Clariano,Liga,2ª Regional,Ganado,71,0,19,7-0,7,0,0,0,Ganada,Perdida,0,0,,22.0,15,domingo,Si,,,
Temporada 2019/2020,J10,Pinoso CF,17/11/2019,4:30:00 p. m.,Visitante,Estadio Perfecto Rico Mira,Liga,2ª Regional,Ganado,54,0,36,0-2,0,0,0,2,Ganada,Ganada,0,0,,22.6,16,domingo,Si,,,
Temporada 2019/2020,J11,PD Ayorense,24/11/2019,5:00:00 p. m.,Local,El Clariano,Liga,2ª Regional,Perdido,2,8,80,1-2,1,2,0,0,Empatada,Perdida,0,1,,24.8,17,domingo,Si,,,
Temporada 2019/2020,J12,CF Aielo,30/11/2019,12:00:00 p. m.,Visitante,Camp Municipal Juan Bataller,Liga,2ª Regional,Ganado,52,0,38,2-3,0,0,2,3,Empatada,Ganada,0,0,,22.4,18,sábado,Si,,,
Temporada 2019/2020,J13,CD Biarense,6/12/2019,11:30:00 a. m.,Local,El Clariano,Liga,2ª Regional,Ganado,1,10,79,2-1,2,1,0,0,Empatada,Ganada,1,0,,20.7,19,viernes,Si,,,
Temporada 2019/2020,J14,CD Eldense B,14/12/2019,7:00:00 p. m.,Visitante,Nou Estadi Municipal Pepico Amat,Liga,2ª Regional,Ganado,46,0,44,0-1,0,0,0,1,Ganada,Empatada,0,0,,21.0,20,sábado,Si,,,
Temporada 2019/2020,J15,Banyeres UE,22/12/2019,5:00:00 p. m.,Local,El Clariano,Liga,2ª Regional,Ganado,89,0,1,4-0,4,0,0,0,Ganada,Ganada,0,0,,23.9,21,domingo,Si,,,
Temporada 2019/2020,0,Muro CF,4/1/2020,11:00:00 a. m.,Visitante,Camp Municipal La Llometa,Amistoso,0,Perdido,0,46,44,4-1,0,0,4,1,Empatada,Perdida,0,0,,21.6,22,sábado,No,,,
Temporada 2019/2020,J16,CD Albaidense,12/1/2020,5:00:00 p. m.,Local,El Clariano,Liga,2ª Regional,Ganado,59,0,31,3-0,3,0,0,0,Ganada,Ganada,0,0,,21.2,23,domingo,Si,,,
Temporada 2019/2020,J18,Beniarres CF,26/1/2020,5:00:00 p. m.,Local,El Clariano,Liga,2ª Regional,Empatado,0,0,90,0-0,0,0,0,0,Empatada,Empatada,0,0,,21.6,24,domingo,Si,,,
Temporada 2019/2020,J19,CF Agullent,2/2/2020,5:00:00 p. m.,Visitante,Estadi Juan Vidal,Liga,2ª Regional,Ganado,65,0,25,0-2,0,0,0,2,Ganada,Empatada,0,0,,22.5,25,domingo,Si,,,
Temporada 2019/2020,J20,CFS Racing Novelda,9/2/2020,5:00:00 p. m.,Local,El Clariano,Liga,2ª Regional,Ganado,74,0,16,2-0,2,0,0,0,Ganada,Ganada,0,0,,21.1,26,domingo,Si,,,
Temporada 2019/2020,J17,Peña Madridista de Ibi,12/2/2020,8:30:00 p. m.,Visitante,Estadi Municipal Climent,Liga,2ª Regional,Ganado,73,0,17,0-6,0,0,0,6,Ganada,Ganada,0,0,,21.5,27,miércoles,Si,,,
Temporada 2019/2020,J21,CE Bocairent,16/2/2020,4:30:00 p. m.,Visitante,Poliesportiu Municipal de Bocairent,Liga,2ª Regional,Ganado,76,0,14,0-5,0,0,0,5,Ganada,Ganada,0,0,https://www.youtube.com/watch?v=dM31-eOJpT4&ab_channel=RafaRubio,23.4,28,domingo,Si,,,
Temporada 2019/2020,J23,SD Vallada,1/3/2020,5:00:00 p. m.,Local,El Clariano,Liga,2ª Regional,Ganado,89,0,1,5-1,5,1,0,0,Ganada,Ganada,0,0,,22.5,29,domingo,Si,,,
Temporada 2019/2020,J24,Font de la Figuera CF,8/3/2020,4:30:00 p. m.,Visitante,Camp Municipal de la Font de la Figuera,Liga,2ª Regional,Ganado,75,0,15,0-2,0,0,0,2,Ganada,Empatada,0,0,,20.8,30,domingo,Si,,,
Temporada 2020/2021,0,Muro CF,5/9/2020,8:00:00 p. m.,Local,El Clariano,Amistoso,0,Perdido,9,48,33,1-2,1,2,0,0,Perdida,Empatada,0,1,,22.6,31,sábado,No,,,
Temporada 2020/2021,0,CD Enguera,11/9/2020,8:00:00 p. m.,Visitante,Estadio Villa de Enguera,Amistoso,0,Ganado,83,0,7,1-4,0,0,1,4,Ganada,Perdida,0,0,,21.4,32,viernes,No,,,
Temporada 2020/2021,0,CD Albaidense,15/9/2020,8:00:00 p. m.,Visitante,Camp Municipal Beniati,Amistoso,0,Ganado,78,0,12,1-3,0,0,1,3,Ganada,Ganada,0,0,,24.1,33,martes,No,,,
Temporada 2020/2021,0,UD Carcaixent,18/9/2020,8:00:00 p. m.,Local,El Clariano,Amistoso,0,Perdido,4,34,52,3-4,3,4,0,0,Empatada,Perdida,0,1,,23.8,34,viernes,No,,,
Temporada 2020/2021,0,CD Llosa,25/9/2020,8:00:00 p. m.,Local,El Clariano,Amistoso,0,Empatado,55,0,35,1-1,1,1,0,0,Ganada,Perdida,0,0,,23.0,35,viernes,No,,,
Temporada 2020/2021,0,CE Alberic Promeses,30/9/2020,8:15:00 p. m.,Visitante,Estadi Municipal Manolo Sanchis,Amistoso,0,Perdido,0,60,30,2-1,0,0,2,1,Perdida,Ganada,0,0,,22.8,36,miércoles,No,,,
Temporada 2020/2021,0,CF Lluxent,2/10/2020,8:00:00 p. m.,Visitante,Camp Municipal La Plana,Amistoso,0,Ganado,60,0,30,1-2,0,0,1,2,Empatada,Ganada,0,0,,22.1,37,viernes,No,,,
Temporada 2020/2021,0,Racing Rafelcofer,3/10/2020,7:00:00 p. m.,Local,El Clariano,Amistoso,0,Ganado,89,0,1,3-2,3,2,0,0,Ganada,Perdida,0,0,,22.6,38,sábado,No,Miguel Taberner,,
Temporada 2020/2021,0,UD Alzira Juvenil DH,10/10/2020,7:00:00 p. m.,Local,El Clariano,Amistoso,0,Empatado,7,46,37,2-2,2,2,0,0,Perdida,Ganada,0,1,,23.5,39,sábado,No,,,
Temporada 2020/2021,J1,UDF Sax,17/10/2020,4:15:00 p. m.,Visitante,Camp Municipal El Pardo,Liga,1ª Regional,Ganado,72,0,18,2-3,0,0,2,3,Ganada,Empatada,0,0,,23.4,40,sábado,Si,,,
Temporada 2020/2021,J2,CF Atletic Muro,25/10/2020,5:00:00 p. m.,Local,El Clariano,Liga,1ª Regional,Ganado,81,3,6,7-2,7,2,0,0,Ganada,Ganada,1,0,https://www.youtube.com/watch?v=90ok95rt5oM&ab_channel=Televisi%C3%B3Comarcal,22.5,41,domingo,Si,,,
Temporada 2020/2021,J6,CF Ciudad Alcoy,22/11/2020,5:00:00 p. m.,Local,El Clariano,Liga,1ª Regional,Ganado,66,0,24,2-0,2,0,0,0,Ganada,Ganada,0,0,https://www.youtube.com/watch?v=A3HH_LF7y50&ab_channel=PeriodicOntinyent,21.7,42,domingo,Si,,,
Temporada 2020/2021,0,CD Albaidense,29/11/2020,5:00:00 p. m.,Local,El Clariano,Amistoso,0,Ganado,82,0,8,6-2,6,2,0,0,Ganada,Ganada,0,0,,22.9,43,domingo,No,,,
Temporada 2020/2021,J3,Villena CF,5/12/2020,4:30:00 p. m.,Visitante,Camp La Solana,Liga,1ª Regional,Ganado,36,0,54,0-1,0,0,0,1,Empatada,Ganada,0,0,,23.6,44,sábado,Si,,,
Temporada 2020/2021,J4,Moixent CF,8/12/2020,5:00:00 p. m.,Local,El Clariano,Liga,1ª Regional,Ganado,14,0,76,1-0,1,0,0,0,Empatada,Ganada,0,0,https://www.facebook.com/elperiodicdontinyent/videos/224067205800529/,24.0,45,martes,Si,,,
Temporada 2020/2021,J9,Algueña CF,19/12/2020,5:00:00 p. m.,Local,El Clariano,Liga,1ª Regional,Ganado,31,0,59,2-0,2,0,0,0,Empatada,Ganada,0,0,https://www.facebook.com/elperiodicdontinyent/videos/452780552404377/,24.9,46,sábado,Si,,,
Temporada 2020/2021,J5,CD Contestano,23/10/2020,8:30:00 p. m.,Visitante,Camp de La Via,Liga,1ª Regional,Ganado,7,37,46,2-3,0,0,2,3,Empatada,Ganada,1,0,https://www.youtube.com/watch?v=PB40uUgDOnM&ab_channel=telecocentaina,25.0,47,viernes,Si,,,
Temporada 2020/2021,J10,Pinoso CF,27/3/2021,4:30:00 p. m.,Visitante,Estadio Perfecto Rico Mira,Liga,1ª Regional,Ganado,87,0,3,1-2,0,0,1,2,Ganada,Empatada,0,0,,24.1,48,sábado,Si,,,
Temporada 2020/2021,J8,UD Montaverner,5/4/2021,6:00:00 p. m.,Visitante,Camp Municipal Ricardo Chafer Ases,Liga,1ª Regional,Ganado,86,0,4,0-5,0,0,0,5,Ganada,Ganada,0,0,https://www.youtube.com/watch?v=tyFRO7umnO0&t=54s&ab_channel=ARAMULTIM%C3%88DIA,26.0,49,lunes,Si,,,
Temporada 2020/2021,J11,UD Rayo Ibense B,10/4/2021,7:00:00 p. m.,Local,El Clariano,Liga,1ª Regional,Ganado,72,0,18,2-0,2,0,0,0,Ganada,Ganada,0,0,https://www.youtube.com/watch?v=STJNA8N1Inw&t=3944s&ab_channel=PeriodicOntinyent,24.7,50,sábado,Si,,,
Temporada 2020/2021,J7,Esides Caramanchel,14/4/2021,8:00:00 p. m.,Local,El Clariano,Liga,1ª Regional,Ganado,86,0,4,4-0,4,0,0,0,Ganada,Ganada,0,0,https://www.youtube.com/watch?v=9V6OrzZSWik&ab_channel=ARAMULTIM%C3%88DIA,25.1,51,miércoles,Si,,,
Temporada 2020/2021,J12,Beniarres CF,18/4/2021,5:00:00 p. m.,Visitante,Camp Municipal La Parada,Liga,1ª Regional,Ganado,81,0,9,0-2,0,0,0,2,Ganada,Empatada,0,0,https://www.youtube.com/watch?v=bxarjL1kKls&t=155s&ab_channel=ARAMULTIM%C3%88DIA,24.1,52,domingo,Si,,,
Temporada 2020/2021,J13,CD SB Ontinyent,25/4/2021,5:00:00 p. m.,Local,El Clariano,Liga,1ª Regional,Ganado,74,0,16,4-1,4,1,0,0,Ganada,Ganada,0,0,https://www.youtube.com/watch?v=oRWw8z-OZNs&t=113s&ab_channel=ARAMULTIM%C3%88DIA,23.2,53,domingo,Si,,,
Temporada 2020/2021,0,CF Racing Xativa,1/5/2021,6:00:00 p. m.,Local,El Clariano,Amistoso,0,Ganado,26,36,28,6-1,6,1,0,0,Perdida,Ganada,1,0,,24.0,54,sábado,No,,,
Temporada 2020/2021,J2,Villena CF,16/5/2021,7:00:00 p. m.,Local,El Clariano,Liga,1ª Regional Fase Ascenso,Ganado,22,0,68,3-0,3,0,0,0,Empatada,Ganada,0,0,https://www.youtube.com/watch?v=a3pATfN89HM&t=226s&ab_channel=PeriodicOntinyent,24.6,55,domingo,Si,,,
Temporada 2020/2021,J3,CD SB Ontinyent,22/5/2021,6:30:00 p. m.,Visitante,Camp Municipal La Purissima,Liga,1ª Regional Fase Ascenso,Ganado,39,0,51,0-1,0,0,0,1,Empatada,Ganada,0,0,https://www.youtube.com/watch?v=VLqo-TO45Dg&t=79s&ab_channel=PeriodicOntinyent,25.0,56,sábado,Si,,,
Temporada 2020/2021,J4,Pinoso CF,30/5/2021,7:00:00 p. m.,Local,El Clariano,Liga,1ª Regional Fase Ascenso,Ganado,89,0,1,5-0,5,0,0,0,Ganada,Ganada,0,0,https://www.youtube.com/watch?v=Cw-6JOo7PtM&t=239s&ab_channel=PeriodicOntinyent,24.7,57,domingo,Si,,,
Temporada 2020/2021,J5,CF Ciudad Alcoy,5/6/2021,4:00:00 p. m.,Visitante,Camps del Serpis nº1,Liga,1ª Regional Fase Ascenso,Ganado,76,0,14,0-6,0,0,0,6,Ganada,Ganada,0,0,https://www.youtube.com/watch?v=mUf86slQgk4&ab_channel=PeriodicOntinyent,24.7,58,sábado,Si,,,
Temporada 2020/2021,J6,CD Contestano,13/6/2021,6:00:00 p. m.,Local,El Clariano,Liga,1ª Regional Fase Ascenso,Perdido,4,23,63,1-3,1,3,0,0,Empatada,Perdida,0,1,https://www.youtube.com/watch?v=d5PHn3UQru0&ab_channel=PeriodicOntinyent,22.7,59,domingo,Si,,,
Temporada 2020/2021,J7,Algueña CF,20/6/2021,6:00:00 p. m.,Visitante,Camp Municipal Algueña,Liga,1ª Regional Fase Ascenso,Empatado,0,68,22,2-2,0,0,2,2,Perdida,Ganada,0,0,,25.4,60,domingo,Si,,,
Temporada 2021/2022,0,CD Alcoyano Juvenil,6/8/2021,7:30:00 p. m.,Local,El Clariano,Amistoso,1er Trofeu Rotary Club d'Ontinyent,Ganado,40,0,5,2-0,2,0,0,0,Ganada,0,0,0,https://m.facebook.com/aralavall/videos/387954926224236/?locale=ms_MY&_rdr&_se_imp=2SfoQSPm3x8JAvYwn,22.0,61,viernes,No,,,
Temporada 2021/2022,0,Muro CF,6/8/2021,9:00:00 p. m.,Local,El Clariano,Amistoso,1er Trofeu Rotary Club d'Ontinyent,Ganado,40,0,5,4-0,4,0,0,0,Ganada,0,0,0,https://m.facebook.com/aralavall/videos/387954926224236/?locale=ms_MY&_rdr&_se_imp=2SfoQSPm3x8JAvYwn,23.8,62,viernes,No,,,
Temporada 2021/2022,0,SD Sueca,13/8/2021,8:15:00 p. m.,Visitante,Camp El Infantil,Amistoso,0,Perdido,0,75,15,2-1,0,0,2,1,Perdida,Empatada,0,0,,24.5,63,viernes,No,,,
Temporada 2021/2022,0,Beniganim CF,17/8/2021,8:30:00 p. m.,Local,El Clariano,Amistoso,0,Ganado,24,0,66,2-1,2,1,0,0,Ganada,Empatada,0,0,,24.4,64,martes,No,,,
Temporada 2021/2022,0,UD Castellonense,20/8/2021,8:30:00 p. m.,Visitante,Camp Municipal de l'Almena,Amistoso,0,Ganado,55,0,35,0-3,0,0,0,3,Ganada,Ganada,0,0,,24.4,65,viernes,No,,,
Temporada 2021/2022,0,UD SIA Beniganim,24/8/2021,8:30:00 p. m.,Local,El Clariano,Amistoso,0,Empatado,0,43,47,1-1,1,1,0,0,Perdida,Ganada,0,0,,23.6,66,martes,No,,,
Temporada 2021/2022,0,CE Alberic Promeses,28/8/2021,7:30:00 p. m.,Visitante,Estadi Municipal d'Alberic,Amistoso,0,Perdido,0,45,45,2-1,0,0,2,1,Perdida,Empatada,0,0,,23.2,67,sábado,No,,,
Temporada 2021/2022,J1,Muro CF,5/9/2021,7:00:00 p. m.,Visitante,Camp Municipal La Llometa,Liga,Regional Preferente,Ganado,45,0,45,0-1,0,0,0,1,Ganada,Empatada,0,0,https://www.youtube.com/watch?v=Vtoo2Bq2Pw0&t=134s&ab_channel=Golsmedia,24.7,68,domingo,Si,"Romero Navarro, Maria","Ibañez Casanova, Mauro","Navarro Ochando, Daniel"
Temporada 2021/2022,J2,FC Atletico Benidorm,12/9/2021,6:00:00 p. m.,Local,El Clariano,Liga,Regional Preferente,Perdido,0,44,46,1-3,1,3,0,0,Perdida,Empatada,0,0,https://www.youtube.com/watch?v=ODq1LLsbiq0&t=125s&ab_channel=ARAMULTIM%C3%88DIA,24.6,69,domingo,Si,"Ibañez Casanova, Mauro","Martinez Cifuentes, Ismael","Leal Gandia, Jorge"
Temporada 2021/2022,J3,CE La Font d'en Carros,18/9/2021,6:30:00 p. m.,Visitante,Camp La Plana,Liga,Regional Preferente,Ganado,4,0,86,0-1,0,0,0,1,Empatada,Ganada,0,0,https://www.youtube.com/watch?v=uUzJXKszowk&t=235s&ab_channel=ARAMULTIM%C3%88DIA,24.3,70,sábado,Si,"De La Serna Alvarez, Pablo Daniel","Lopez Cano, Juan Diego","Romero Lopez, Daniel Joaquin"
Temporada 2021/2022,J4,Racing Algemesi CF,26/9/2021,6:00:00 p. m.,Local,El Clariano,Liga,Regional Preferente,Ganado,41,0,49,2-0,2,0,0,0,Empatada,Ganada,0,0,https://www.youtube.com/watch?v=SjAOq4E2xjg&t=2s&ab_channel=AraLaVall,23.0,71,domingo,Si,"Bernat Ferre, Angel","Jorda Santacreu, Marcos","Vallejo Ferre, Santiago"
Temporada 2021/2022,J5,Olleria CF,3/10/2021,6:00:00 p. m.,Visitante,Camp La Solana,Liga,Regional Preferente,Empatado,12,0,78,1-1,0,0,1,1,Empatada,Empatada,0,0,https://www.youtube.com/watch?v=PoRr_Kjzki8&t=133s&ab_channel=AraLaVall,24.5,72,domingo,Si,"Sanz Martin, Alejandro","Migallon Tarraga, Alex Francisco","Florea, Ion Ilie"
Temporada 2021/2022,J6,CD Contestano,17/10/2021,5:00:00 p. m.,Local,El Clariano,Liga,Regional Preferente,Empatado,0,7,83,1-1,1,1,0,0,Empatada,Empatada,0,0,https://www.youtube.com/watch?v=-hRRdew4AV8&t=129s&ab_channel=AraLaVall,23.5,73,domingo,Si,"Ruiz Mira, Adrian","Barrull Arjona, Marco Antonio","Santamaria Paredes, Joan"
Temporada 2021/2022,J7,SD Sueca,24/10/2021,11:45:00 a. m.,Visitante,Camp El Infantil,Liga,Regional Preferente,Perdido,0,4,86,2-1,0,0,2,1,Perdida,Empatada,0,0,https://www.youtube.com/watch?v=I_u6R1o1Hfg&t=179s&ab_channel=AraLaVall,23.3,74,domingo,Si,"Navarro Martinez, Juan Ramon","Castillo Lopez, Adrian","Galdon Cruz, Javier"
Temporada 2021/2022,J8,CF La Nucia B,30/10/2021,5:00:00 p. m.,Local,El Clariano,Liga,Regional Preferente,Ganado,5,24,61,3-2,3,2,0,0,Empatada,Ganada,1,0,https://www.youtube.com/watch?v=aeZhhLJ0PWs&t=440s&ab_channel=AraLaVall,22.9,75,sábado,Si,"Pomares Murphy, Alejandro","Marti Gran, David Angel","Serna Vazquez, Alejandro"
Temporada 2021/2022,J9,UE Tavernes,6/11/2021,6:00:00 p. m.,Visitante,Camp Municipal de Tavernes de la Valldigna,Liga,Regional Preferente,Empatado,61,0,29,1-1,0,0,1,1,Ganada,Perdida,0,0,https://www.youtube.com/watch?v=hhvR6e627aw&t=360s&ab_channel=AraLaVall,25.8,76,sábado,Si,"Leal Gandia ,Jorge","Martinez Cifuentes, Ismael","Moran Paya,Javier"
Temporada 2021/2022,J10,CD Denia,14/11/2021,5:00:00 p. m.,Local,El Clariano,Liga,Regional Preferente,Ganado,43,0,47,2-1,2,1,0,0,Empatada,Ganada,0,0,https://www.youtube.com/watch?v=LIGA3_AbzjI&t=254s&ab_channel=AraLaVall,24.6,77,domingo,Si,"Crespo Calero, Jorge Javier","Casanova Garcia Casarrubios, Jose Carlos","Chavarri Arranz, Daniel"
Temporada 2021/2022,J11,CD Javea,20/11/2021,6:30:00 p. m.,Local,El Clariano,Liga,Regional Preferente,Ganado,36,18,36,2-1,2,1,0,0,Perdida,Ganada,1,0,https://www.youtube.com/watch?v=8lFk0kpc3aM&t=264s&ab_channel=AraLaVall,23.6,78,sábado,Si,"Oliver Lopez, Francisco Jose","Arcas Ñeco, Adrian","Migallon Tarraga, Alex Francisco"
Temporada 2021/2022,J12,CF Gandia,28/11/2021,5:00:00 p. m.,Visitante,Estadio Guillermo Olagüe,Liga,Regional Preferente,Perdido,4,40,46,2-1,0,0,2,1,Empatada,Ganada,0,1,https://www.youtube.com/watch?v=C85RT3XCTMo&t=507s&ab_channel=AraLaVall,23.6,79,domingo,Si,"Rodriguez Mejias, Jose Carlos","Lopez Soler, Javier","Rodenas Rosello, Oscar"
Temporada 2021/2022,0,Essere PRO,4/12/2021,10:00:00 a. m.,Local,El Clariano,Amistoso,0,Ganado,85,0,5,8-1,8,1,0,0,Ganada,Ganada,0,0,0,23.1,80,sábado,No,,,
Temporada 2021/2022,1/64,CE Bocairent,8/12/2021,4:00:00 p. m.,Visitante,Poliesportiu Municipal de Bocairent,Copa,Copa Comunitat Mediterránea La Nostra Copa,Ganado,61,0,29,0-5,0,0,0,5,Ganada,Ganada,0,0,https://www.youtube.com/watch?v=sl6RPu4aFII&ab_channel=AraLaVall,23.0,81,miércoles,Si,,,
Temporada 2021/2022,J13,Racing CF Benidorm,12/12/2021,5:00:00 p. m.,Local,El Clariano,Liga,Regional Preferente,Ganado,31,0,59,2-0,2,0,0,0,Empatada,Ganada,0,0,https://www.youtube.com/watch?v=3a0m5yG-5ZI&t=2s&ab_channel=AraLaVall,23.7,82,domingo,Si,"Crespo Calero, Jorge Javier","Lopez Herraiz, Enrique Vicente","Arcas Ñeco,Adrian"
Temporada 2021/2022,J14,CF UD Calpe,18/12/2021,5:00:00 p. m.,Visitante,Camp Municipal de Calp,Liga,Regional Preferente,Ganado,70,6,14,2-3,0,0,2,3,Ganada,Perdida,0,0,https://www.youtube.com/watch?v=MX2XAgtrsog&t=350s&ab_channel=AraLaVall,23.5,83,sábado,Si,"Marti Amoros, Eduard","Romero Perez, Jose","Gonzalez Arcas, Ismael"
Temporada 2021/2022,J15,CE Pedreguer,9/1/2022,5:00:00 p. m.,Local,El Clariano,Liga,Regional Preferente,Ganado,23,14,53,3-1,3,1,0,0,Perdida,Ganada,1,0,https://www.youtube.com/watch?v=MZucO7aIYic&feature=youtu.be&ab_channel=AraLaVall,22.9,84,domingo,Si,"Chaves Gallego, Alejandro","Ballesteros Moreno, Andres","De Paz Tur, Alberto"
Temporada 2021/2022,1/32,Muro CF,12/1/2022,8:00:00 p. m.,Local,El Clariano,Liga,Copa Comunitat Mediterránea La Nostra Copa,Ganado,69,0,21,4-1,4,1,0,0,Ganada,Ganada,0,0,https://www.youtube.com/watch?v=zfoTiJAs8gA&ab_channel=AraLaVall,23.6,85,miércoles,Si,,,
Temporada 2021/2022,J16,Muro CF,16/1/2022,5:00:00 p. m.,Local,El Clariano,Liga,Regional Preferente,Perdido,0,60,30,0-3,0,3,0,0,Perdida,Perdida,0,0,https://www.youtube.com/watch?v=fXd4nxyuvoM&ab_channel=AraLaVall,23.7,86,domingo,Si,"Serna Vazquez, Alejandro","Martinez Cifuentes, Ismael","Garcia Adsuar, Yeray"
Temporada 2021/2022,J17,FC Atletico Benidorm,22/1/2022,4:00:00 p. m.,Visitante,Estadi Municipal Guillermo Amor,Liga,Regional Preferente,Ganado,52,0,38,0-2,0,0,0,2,Ganada,Ganada,0,0,https://www.youtube.com/watch?v=QnRhGknOMkk&ab_channel=AraLaVall,23.0,87,sábado,Si,"Hernandez Romero, Gerson Jose","Sanchez Bailen, Daniel Fidel","Lidon Berenguer, Francisco Jose"
Temporada 2021/2022,J18,CE La Font d'en Carros,30/1/2022,5:00:00 p. m.,Local,El Clariano,Liga,Regional Preferente,Ganado,86,0,4,7-0,7,0,0,0,Ganada,Ganada,0,0,https://www.youtube.com/watch?v=0MDGPdu8O7E&t=1s&ab_channel=AraLaVall,22.7,88,domingo,Si,"Gomez Gracia, Ruben","Anaya Anaya, Sergio","Gonzalez Borrell, Joan"
Temporada 2021/2022,1/16,UD Rayo Ibense,6/2/2022,5:00:00 p. m.,Local,El Clariano,Copa,Copa Comunitat Mediterránea La Nostra Copa,Ganado,12,31,47,2-1,2,1,0,0,Ganada,Ganada,1,0,https://www.youtube.com/watch?v=OLZx96TVVPk&t=3s&ab_channel=AraLaVall,24.0,89,domingo,Si,"Leal Gandia, Jorge","Martinez Cifuentes, Ismael","Bernabeu Mascuñan, Jonathan"
Temporada 2021/2022,J19,Racing Algemesi CF,12/2/2022,3:30:00 p. m.,Visitante,Estadi Municipal d'Algemesi,Liga,Regional Preferente,Ganado,80,0,10,0-4,0,0,0,4,Ganada,Ganada,0,0,https://www.youtube.com/watch?v=MjvNMzKWZ_A&ab_channel=AraLaVall,24.0,90,sábado,Si,"Caballero Carrillo, Jose Carlos","Castillo Lopez, Adrian","Ballesteros Moreno, Andres"
Temporada 2021/2022,J20,Olleria CF,20/2/2022,5:00:00 p. m.,Local,El Clariano,Liga,Regional Preferente,Ganado,50,0,40,2-1,2,1,0,0,Ganada,Ganada,0,0,https://www.youtube.com/watch?v=bAujOJ4Oews&ab_channel=AraLaVall,23.7,91,domingo,Si,"Esteban Lopez, Mariano","Belmonte Javier, Juan","Pascual Ruiz, Juan Carlos"
Temporada 2021/2022,J21,CD Contestano,27/2/2022,5:00:00 p. m.,Visitante,Camp de La Via,Liga,Regional Preferente,Ganado,1,0,89,0-1,0,0,0,1,Empatada,Ganada,0,0,https://www.youtube.com/watch?v=Re7p7bbrjtA&t=473s&ab_channel=AraLaVall,22.7,92,domingo,Si,"Ortuño Lopez, Jesus","Martinez Lopez, Daniel Jesus","Miralles Almagro, Maria Victoria"
Temporada 2021/2022,J22,SD Sueca,6/3/2022,5:00:00 p. m.,Local,El Clariano,Liga,Regional Preferente,Perdido,0,39,51,0-1,0,1,0,0,Empatada,Perdida,0,0,https://www.youtube.com/watch?v=oVn5A3ZzE-A&ab_channel=AraLaVall,23.9,93,domingo,Si,"De La Serna Alvarez, Pablo Daniel ","Gallardo Minguez, Cristian","Ballesteros Moreno, Andres"
Temporada 2021/2022,J23,CF La Nucia B,12/3/2022,5:00:00 p. m.,Visitante,Ciudad Deportiva Camilo Cano,Liga,Regional Preferente,Perdido,0,20,70,2-1,0,0,2,1,Empatada,Perdida,0,0,https://www.youtube.com/watch?v=wSshEPq4SZk&t=3s&ab_channel=AraLaVall,24.9,94,sábado,Si,"Navarro Irles, Jorge","Perea Romero, Alain","Ruiz Sanchez, Daniel"
Temporada 2021/2022,1/8,UD Quart de Poblet,20/3/2022,5:00:00 p. m.,Local,El Clariano,Copa,Copa Comunitat Mediterránea La Nostra Copa,Perdido,39,0,51,0-1,0,1,0,0,Empatada,Perdida,0,0,https://www.youtube.com/watch?v=aXQRO-a5Sok&ab_channel=AraLaVall,26.0,95,domingo,Si,,,
Temporada 2021/2022,J24,UE Tavernes,27/3/2022,6:00:00 p. m.,Local,El Clariano,Liga,Regional Preferente,Perdido,0,86,4,1-3,1,3,0,0,Perdida,Perdida,0,0,https://www.youtube.com/watch?v=dL5tpdpoAi8&ab_channel=AraLaVall,22.6,96,domingo,Si,"Selva Vicente, Cristian","Osorio Ramirez, Marcos","Santamaria Llopis, Dumar"
Temporada 2021/2022,J25,CD Denia,3/4/2022,5:00:00 p. m.,Visitante,Estadio Diego Mena Cuesta,Liga,Regional Preferente,Ganado,25,0,65,0-1,0,0,0,1,Empatada,Ganada,0,0,https://www.youtube.com/watch?v=u9ghEDF5BoI&t=12s&ab_channel=AraLaVall,24.5,97,domingo,Si,"Crespo Calero, Jorge Javier","Martin Alonso, Ruben","Gonzalez Borrell, Joan "
Temporada 2021/2022,J26,CD Javea,10/4/2022,5:00:00 p. m.,Visitante,Camp Municipal d'esports de Xavea,Liga,Regional Preferente,Empatado,0,60,30,1-1,0,0,1,1,Perdida,Ganada,0,0,https://www.youtube.com/watch?v=d5DZr_b3e6Q&ab_channel=AraLaVall,23.4,98,domingo,Si,"Lopez Herrero, Emilio Luis","Perez Bernad, Aitor Jose","Belmonte Javier, Juan"
Temporada 2021/2022,J27,CF Gandia,23/4/2022,6:00:00 p. m.,Local,El Clariano,Liga,Regional Preferente,Empatado,0,44,46,1-1,1,1,0,0,Ganada,Ganada,0,0,https://www.youtube.com/watch?v=yekSZOV9jaI&ab_channel=AraLaVall,24.5,99,sábado,Si,"Gonzalez Garcia, Vicent","Rodas Mendoza, Jerson Adalid","Gomez Esteve, Francisco Javier"
Temporada 2021/2022,J28,Racing CF Benidorm,1/5/2022,11:45:00 a. m.,Visitante,Estadi Municipal Guillermo Amor,Liga,Regional Preferente,Empatado,0,17,73,1-1,0,0,1,1,Empatada,Empatada,0,0,https://www.youtube.com/watch?v=uq4TYPE-93c&ab_channel=AraLaVall,24.3,100,domingo,Si,"Crespo Calero, Jorge Javier","Chavarri Arranz, Daniel","Casanova Garcia Casarrubios, Jose Carlos"
Temporada 2021/2022,J29,CF UD Calpe,8/5/2022,6:00:00 p. m.,Local,El Clariano,Liga,Regional Preferente,Perdido,38,19,33,1-2,1,2,0,0,Empatada,Perdida,0,1,https://www.youtube.com/watch?v=rfCptc9lnIE&t=114s&ab_channel=AraLaVall,23.9,101,domingo,Si,"Ortuño Lopez, Jesus","Martinez Lopez, Daniel Jesus","Lidon Berenguer, Francisco Jose"
Temporada 2021/2022,J30,CE Pedreguer,14/5/2022,6:00:00 p. m.,Visitante,Poliesportiu Municipal de Pedreguer,Liga,Regional Preferente,Perdido,2,21,67,3-2,0,0,3,2,Ganada,Perdida,1,1,https://www.youtube.com/watch?v=uWao0CxL2UU&ab_channel=AraLaVall,22.3,102,sábado,Si,"Chaves Gallego, Alejandro","Gallardo Minguez, Cristian","Rostoll Navarro, Pedro Juan"
Temporada 2022/2023,0,CF La Nucia B,6/8/2022,7:00:00 p. m.,Local,El Clariano,Amistoso,0,Empatado,47,0,43,2-2,2,2,0,0,Ganada,Perdida,0,0,0,28.9,103,sábado,No,,,
Temporada 2022/2023,0,CD Eldense B,9/8/2022,8:30:00 p. m.,Local,El Clariano,Amistoso,0,Ganado,76,0,14,6-1,6,1,0,0,Ganada,Empatada,0,0,0,27.0,104,martes,No,,,
Temporada 2022/2023,0,Valencia CF Juvenil DH,12/8/2022,7:00:00 p. m.,Visitante,Ciudad Deportiva de Paterna,Amistoso,0,Perdido,0,67,23,3-0,0,0,3,0,Perdida,Perdida,0,0,0,26.2,105,viernes,No,,,
Temporada 2022/2023,0,Atzeneta UE,13/8/2022,8:00:00 p. m.,Local,El Clariano,Amistoso,0,Perdido,0,76,14,2-3,2,3,0,0,Perdida,Ganada,0,0,0,30.1,106,sábado,No,,,
Temporada 2022/2023,0,Elche CF Juvenil Nacional,17/8/2022,6:30:00 p. m.,Visitante,Campo Emilio Esteban,Amistoso,0,Ganado,69,0,21,0-3,0,0,0,3,Ganada,Ganada,0,0,0,26.6,107,miércoles,No,,,
Temporada 2022/2023,0,Callosa Deportiva CF,20/8/2022,7:00:00 p. m.,Local,El Clariano,Amistoso,0,Perdido,0,38,52,0-1,0,1,0,0,Empatada,Perdida,0,0,0,29.2,108,sábado,No,,,
Temporada 2022/2023,0,Gandia CF,24/8/2022,7:00:00 p. m.,Local,El Clariano,Amistoso,0,Perdido,0,71,19,0-1,0,1,0,0,Perdida,Empatada,0,0,0,25.2,109,miércoles,No,,,
Temporada 2022/2023,J1,UD SIA Beniganim,3/9/2022,6:00:00 p. m.,Visitante,Campo Municipal de Beniganim,Liga,Regional Preferente,Ganado,80,0,10,0-3,0,0,0,3,Ganada,Ganada,0,0,https://www.youtube.com/watch?v=Dqv61NKrXvo&ab_channel=AraLaVall,30.1,110,sábado,Si,"Belando Carpena, Santos Javier","Casado Samper, Alvaro","Miralles Sanchez, Omar"
Temporada 2022/2023,J2,UD Carcaixent,10/9/2022,7:00:00 p. m.,Local,El Clariano,Liga,Regional Preferente,Ganado,77,0,13,4-1,4,1,0,0,Ganada,Ganada,0,0,https://www.youtube.com/watch?v=caRzTpWcYlo&ab_channel=AraLaVall,28.6,111,sábado,Si,"Leal Gandia, Jorge","Lopez Zornoza, Adrian","Ochoa Rico, Agapito Jose"
Temporada 2022/2023,J3,UD Castellonense,18/9/2022,6:30:00 p. m.,Visitante,Camp Municipal de l'Almena,Liga,Regional Preferente,Empatado,0,63,27,1-1,0,0,1,1,Perdida,Ganada,0,0,https://www.youtube.com/watch?v=LCnT63q57eg&ab_channel=AraLaVall,28.5,112,domingo,Si,"Lazaro Prieto, Gustavo","Dragos Serban, Nicolae","García Gimeno, Andres"
Temporada 2022/2023,J4,CD SB Ontinyent,25/9/2022,6:00:00 p. m.,Local,El Clariano,Liga,Regional Preferente,Ganado,41,0,49,5-0,5,0,0,0,Empatada,Ganada,0,0,https://www.youtube.com/watch?v=b_p8Aqp-T_c&ab_channel=AraLaVall,26.9,113,domingo,Si,"Amoros Ramirez, Javier","Garcia Andreu, Christian","Miralles Sanchez, Omar"
Temporada 2022/2023,J5,CF Promeses Sueca,2/10/2022,5:15:00 p. m.,Visitante,Estadi Municipal Antonio Puchades,Liga,Regional Preferente,Ganado,9,0,81,0-1,0,0,0,1,Empatada,Ganada,0,0,https://www.youtube.com/watch?v=oa2rXgnI2ZE&ab_channel=AraLaVall,29.2,114,domingo,Si,"Latorre Pareja, Francisco","Escobar Gonzalez, Erik Giovani","Parra Gomez, Adrian"
Temporada 2022/2023,J6,CE Alberic Sucemart,9/10/2022,6:00:00 p. m.,Local,El Clariano,Liga,Regional Preferente,Ganado,45,16,29,3-1,3,1,0,0,Ganada,Ganada,1,0,https://www.youtube.com/watch?v=EE6yGXFPb2s&ab_channel=AraLaVall,27.2,115,domingo,Si,"Jover Zornoza,Pablo","Jimenez Checa, Andy","Casado Samper, Alvaro"
Temporada 2022/2023,J7,Muro CF,16/10/2022,12:30:00 p. m.,Visitante,Camp Municipal La Llometa,Liga,Regional Preferente,Ganado,5,2,83,1-3,0,0,1,3,Empatada,Ganada,1,0,https://www.youtube.com/watch?v=sAVmHGm_MzU&t=467s&ab_channel=AraLaVall,26.7,116,domingo,Si,"Quiles Garcia, Vicente","Parra Rodriguez, Adrian","Hendel Darioui, Tarik"
Temporada 2022/2023,J8,CD Olimpic,23/10/2022,5:30:00 p. m.,Local,El Clariano,Liga,Regional Preferente,Ganado,33,0,57,1-0,1,0,0,0,Empatada,Ganada,0,0,https://www.youtube.com/watch?v=zSbJh1JRV_c&t=310s&ab_channel=AraLaVall,26.5,117,domingo,Si,"Pomares Murphy, Alejandro","Ortiz Perez Ojeda, Sergio ","Selva Vicente, Jaime"
Temporada 2022/2023,J9,CE La Font d'en Carros,29/10/2022,5:15:00 p. m.,Visitante,Camp La Plana,Liga,Regional Preferente,Ganado,25,0,65,0-2,0,0,0,2,Empatada,Ganada,0,0,https://www.youtube.com/watch?v=LPoRcQrA5VI&ab_channel=AraLaVall,29.3,118,sábado,Si,"Rodriguez Mejias, Jose Carlos","Parra Rodriguez, Adrian","Ortiz Perez Ojeda, Sergio"
Temporada 2022/2023,1/64,Villena CF,1/11/2022,5:00:00 p. m.,Visitante,Camp La Solana,Copa,Copa Comunitat Mediterránea La Nostra Copa,Perdido,0,47,43,2-1,0,0,2,1,Empatada,Ganada,0,0,0,23.8,119,martes,Si,"Crespo Calero, Jorge Javier","Casanova Garcia Casarrubios, Jose Carlos",
Temporada 2022/2023,J10,CF Cullera,6/11/2022,5:00:00 p. m.,Local,El Clariano,Liga,Regional Preferente,Ganado,84,0,6,4-0,4,0,0,0,Ganada,Ganada,0,0,https://www.youtube.com/watch?v=FuTKx_R9WSY&t=206s&ab_channel=AraLaVall,26.0,120,domingo,Si,"Felix Egea, Alba","Martinez Vilches, Jose","Lago Barros, Diego"
Temporada 2022/2023,J11,UE Tavernes,12/11/2022,5:00:00 p. m.,Visitante,Camp Municipal de Tavernes de la Valldigna,Liga,Regional Preferente,Ganado,82,0,8,0-2,0,0,0,2,Ganada,Ganada,0,0,https://www.youtube.com/watch?v=JZUhqhGgyPw&ab_channel=AraLaVall,28.0,121,sábado,Si,"Garcia Gallegos, Ruben","Gasco Gil, Alberto","Torres Fernandez, Nicolas"
Temporada 2022/2023,J12,Olleria CF,19/11/2022,6:30:00 p. m.,Local,El Clariano,Liga,Regional Preferente,Ganado,59,0,31,4-1,4,1,0,0,Ganada,Ganada,0,0,https://www.youtube.com/watch?v=DNWsx46ZN4Y&ab_channel=AraLaVall,28.1,122,sábado,Si,"Garcia Navas, Alvaro","Lopez Cano, Juan Diego","Lloret Soriano, Gaspar"
Temporada 2022/2023,J13,SD Sueca,27/11/2022,5:00:00 p. m.,Local,El Clariano,Liga,Regional Preferente,Ganado,68,0,22,2-1,2,1,0,0,Ganada,Perdida,0,0,https://www.youtube.com/watch?v=-TLTHkxiQT8&ab_channel=AraLaVall,26.4,123,domingo,Si,"Arcas Ñeco, Adrian","López Herráiz, Enrique Vicente ","Lopez Herraiz, Enrique Vicente"
Temporada 2022/2023,J14,UD Canals,3/12/2022,4:30:00 p. m.,Visitante,Camp Quatre Camins,Liga,Regional Preferente,Ganado,76,0,14,0-3,0,0,0,3,Ganada,Ganada,0,0,https://www.youtube.com/watch?v=nbFH52kSaf4&ab_channel=AraLaVall,27.6,124,sábado,Si,"Lazaro Prieto, Gustavo","Goñi Muiños, Adrian","Planells Carrizosa, Cristian"
Temporada 2022/2023,J15,CF UD Calpe,11/12/2022,5:00:00 p. m.,Local,El Clariano,Liga,Regional Preferente,Empatado,0,60,30,2-2,2,2,0,0,Perdida,Ganada,0,0,https://www.youtube.com/watch?v=X65VQ2z8zSI&t=109s&ab_channel=AraLaVall,27.6,125,domingo,Si,"Lopez Hurtado, Pablo","Boix Perez, Lucas","El Morabette Aghzout, Ayoub"
Temporada 2022/2023,J16,CD Denia,17/12/2022,4:00:00 p. m.,Visitante,Estadio Diego Mena Cuesta,Liga,Regional Preferente,Ganado,36,7,47,1-4,0,0,1,4,Empatada,Ganada,1,0,https://www.youtube.com/watch?v=UuZlk6_OhNY&ab_channel=AraLaVall,28.2,126,sábado,Si,"Hallado Cañizares, Francisco","Anton Bernet, Alvaro ","Estrems Grau, Sergio"
Temporada 2022/2023,J17,CD Javea,8/1/2023,5:00:00 p. m.,Local,El Clariano,Liga,Regional Preferente,Ganado,73,0,17,2-0,2,0,0,0,Ganada,Ganada,0,0,https://www.youtube.com/watch?v=ZTiodaLqFxE&t=155s&ab_channel=AraLaVall,26.1,127,domingo,Si,"Andreu Cerda, Jaime Pascual","Ferrandez Tovar, Raul","El Morabette Aghzout, Ayoub"
Temporada 2022/2023,J18,UD SIA Beniganim,15/1/2023,5:00:00 p. m.,Local,El Clariano,Liga,Regional Preferente,Ganado,16,0,74,2-0,2,0,0,0,Empatada,Ganada,0,0,https://www.youtube.com/watch?v=LdpnX3nVyNA&t=155s&ab_channel=AraLaVall,26.2,128,domingo,Si,"Lopez Del Precinto, David","De Lara Orts, Nestor",
Temporada 2022/2023,J19,UD Carcaixent,22/1/2023,4:30:00 p. m.,Visitante,Estadi dels Quatre Camins,Liga,Regional Preferente,Ganado,0,22,68,1-2,0,0,1,2,Empatada,Ganada,1,0,https://www.youtube.com/watch?v=8DAG6MhsKKk&ab_channel=AraLaVall,27.9,129,domingo,Si,"Navarro Navarro, Angel","Perez Bernad, Aitor Jose",
Temporada 2022/2023,J20,UD Castellonense,29/1/2023,5:00:00 p. m.,Local,El Clariano,Liga,Regional Preferente,Empatado,0,4,86,1-1,1,1,0,0,Empatada,Empatada,0,0,https://www.youtube.com/watch?v=xnAR7gTVQ_k&ab_channel=AraLaVall,29.0,130,domingo,Si,"Ortega Puchades, Raul","Chukov, Valentin Valentinov","Romero Martinez, Jorge"
Temporada 2022/2023,J21,CD SB Ontinyent,5/2/2023,4:30:00 p. m.,Visitante,Camp Municipal La Purissima,Liga,Regional Preferente,Ganado,64,0,26,0-1,0,0,0,1,Ganada,Empatada,0,0,https://www.youtube.com/watch?v=XIf2DtV4Zc0&t=396s&ab_channel=AraLaVall,30.1,131,domingo,Si,"Cabrera Esplugues, Mario","Roda Peñarrubia, Carlos","Leon Sanchez, Santiago"
Temporada 2022/2023,J22,CF Promeses Sueca,12/2/2023,5:00:00 p. m.,Local,El Clariano,Liga,Regional Preferente,Ganado,86,0,4,4-0,4,0,0,0,Ganada,Ganada,0,0,https://www.youtube.com/watch?v=8yOU1YfYdg8&ab_channel=AraLaVall,27.3,132,domingo,Si,"Marti Amoros, Eduard",,
Temporada 2022/2023,J23,CE Alberic Sucemart,18/2/2023,4:30:00 p. m.,Visitante,Estadi Municipal Manolo Sanchis,Liga,Regional Preferente,Ganado,29,43,18,1-2,0,0,1,2,Perdida,Ganada,1,0,https://www.youtube.com/watch?v=tSuO-FhcUb0&ab_channel=AraLaVall,29.6,133,sábado,Si,"Blasco Miquel, Francisco Jose","Paredes Tronchoni, Gorka","Giner Aznar, Javier"
Temporada 2022/2023,J24,Muro CF,26/2/2023,5:00:00 p. m.,Local,El Clariano,Liga,Regional Preferente,Empatado,1,73,16,3-3,3,3,0,0,Perdida,Ganada,1,0,https://www.youtube.com/watch?v=DL2ehY4bsVo&t=289s&ab_channel=AraLaVall,26.8,134,domingo,Si,"Santamaria Llopis, Dumar","Vera Sebastia, Adrian Jacob","Stubbe Ibañez, Alexander"
Temporada 2022/2023,J25,CD Olimpic,5/3/2023,5:00:00 p. m.,Visitante,Camp Municipal La Murta,Liga,Regional Preferente,Empatado,0,0,90,0-0,0,0,0,0,Empatada,Empatada,0,0,https://www.youtube.com/watch?v=RjYdIssuSSA&ab_channel=AraLaVall,27.0,135,domingo,Si,"Gonzalez Garcia, Vicent","Remon Tello, Ainhoa","Gomez Esteve, Francisco Javier"
Temporada 2022/2023,J26,CE La Font d'en Carros,12/3/2023,5:00:00 p. m.,Local,El Clariano,Liga,Regional Preferente,Ganado,71,0,19,3-0,3,0,0,0,Ganada,Ganada,0,0,https://www.youtube.com/watch?v=zWlN51ohEH0&ab_channel=AraLaVall,27.2,136,domingo,Si,"Quilid Quesada, Sergi","Paredes Tronchoni, Gorka","Gonzalez Zamora, David"
Temporada 2022/2023,J27,CF Cullera,26/3/2023,11:30:00 a. m.,Visitante,Camp Aeria,Liga,Regional Preferente,Ganado,84,0,6,0-3,0,0,0,3,Ganada,Ganada,0,0,https://www.youtube.com/watch?v=813-hWuy8V8&ab_channel=AraLaVall,28.2,137,domingo,Si,"Vila Soler, Alfredo","Terol Conejero, Ivan","Costa Juarez, Martin"
Temporada 2022/2023,J28,UE Tavernes,2/4/2023,6:00:00 p. m.,Local,El Clariano,Liga,Regional Preferente,Ganado,89,0,1,3-1,3,1,0,0,Ganada,Empatada,0,0,https://www.youtube.com/watch?v=aJubXrVl0RM&ab_channel=AraLaVall,30.6,138,domingo,Si,"Toledo Romero, Rafael","Lopez Herraiz, Enrique Vicente","Bernabeu Campillo, Javier"
Temporada 2022/2023,J29,Olleria CF,15/4/2023,6:00:00 p. m.,Visitante,Camp La Solana,Liga,Regional Preferente,Ganado,46,0,44,1-2,0,0,1,2,Ganada,Perdida,0,0,https://www.youtube.com/watch?v=xKLKwj6Z6Vc&ab_channel=AraLaVall,30.7,139,sábado,Si,"Quiles Garcia, Vicente","Garcia Mayor, Aaron","Ramon Cabrerizo, Pablo"
Temporada 2022/2023,J30,SD Sueca,23/4/2023,11:45:00 a. m.,Visitante,Camp El Infantil,Liga,Regional Preferente,Perdido,0,76,14,1-0,0,0,1,0,Perdida,Ganada,0,0,https://www.youtube.com/watch?v=jUdMhq5bkbk&ab_channel=AraLaVall,27.2,140,domingo,Si,"Calatayud Garcia, Victor","Lambiez Soler, Amadeu","Ortega Gil, Ciara"
Temporada 2022/2023,J31,UD Canals,27/4/2023,8:00:00 p. m.,Local,El Clariano,Liga,Regional Preferente,Ganado,53,0,37,2-0,2,0,0,0,Ganada,Perdida,0,0,https://www.youtube.com/watch?v=kTf9DSeNuKU&ab_channel=AraLaVall,29.9,141,jueves,Si,"Gonzalez Garcia, Vicent",,
Temporada 2022/2023,J32,CF UD Calpe,6/5/2023,6:30:00 p. m.,Visitante,Camp Municipal La Costa Benissa,Liga,Regional Preferente,Ganado,37,0,53,0-1,0,0,0,1,Empatada,Ganada,0,0,https://www.youtube.com/watch?v=ckPz4s2EZiE&ab_channel=AraLaVall,30.4,142,sábado,Si,"Ramirez Martinez, Roberto Manuel","Boix Perez, Lucas","Ramon Cabrerizo, Pablo"
Temporada 2022/2023,J33,CD Denia,14/5/2023,6:00:00 p. m.,Local,El Clariano,Liga,Regional Preferente,Ganado,73,0,17,4-0,4,0,0,0,Ganada,Ganada,0,0,https://www.youtube.com/watch?v=DkP0LZf_b9g&ab_channel=AraLaVall,27.3,143,domingo,Si,"Belando Carpena, Santos Javier","Navarro Ochando, Daniel","Casado Samper, Ismael"
Temporada 2022/2023,J34,CD Javea,21/5/2023,6:00:00 p. m.,Visitante,Camp D'Esport Municipal Javea,Liga,Regional Preferente,Perdido,0,43,47,2-1,0,0,2,1,Perdida,Empatada,0,0,https://www.youtube.com/watch?v=pA-Ey8vp9z8&ab_channel=AraLaVall,26.2,144,domingo,Si,"Martin Alonso, Ruben",,
Temporada 2022/2023,Semifinales,CF Recambios Colon Catarroja,3/6/2023,6:30:00 p. m.,Visitante,Campo Municipal El Perdiguer,PlayOffs,PlayOff a Tercera RFEF ida,Perdido,0,80,10,3-0,0,0,3,0,Perdida,Perdida,0,0,https://www.youtube.com/watch?v=shRcy0l5ZF4&t=87s,31.1,145,sábado,Si,Noelia Badia Gonzales,Diego Gomez Tarancon,Adrian Goñi Muñoz
Temporada 2022/2023,Semifinales,CF Recambios Colon Catarroja,11/6/2023,6:00:00 p. m.,Local,El Clariano,PlayOffs,PlayOff a Tercera RFEF vuelta,Ganado,45,0,45,2-1,2,1,0,0,Ganada,Empatada,0,0,https://www.youtube.com/watch?v=YrIepFISub0,30.1,146,domingo,Si,"Quiles Garcia, Vicente","Martinez Ibañez, Alejandro","Garcia Mayor, Aaron"
Temporada 2023/2024,0,Valencia Mestalla,28/7/2023,7:30:00 p. m.,Visitante,Ciudad Deportiva de Paterna,Amistoso,0,Perdido,55,30,5,2-1,0,0,2,1,Ganada,Perdida,0,1,0,25.7,147,viernes,No,"Guijarro Colomer, Borja","Dolz Martinez, Adrian","Ortiz Montesinos, Jose"
Temporada 2023/2024,0,Villarreal CF C,5/8/2023,8:30:00 p. m.,Local,El Clariano,Amistoso,1er Torneig Triangular Unió d'Ontinyent,Empatado,0,0,45,0-0,0,0,0,0,Ganada,0,0,0,0,26.5,148,sábado,No,,,
Temporada 2023/2024,0,CD SB Ontinyent,5/8/2023,9:45:00 p. m.,Local,El Clariano,Amistoso,1er Torneig Triangular Unió d'Ontinyent,Ganado,30,0,15,2-0,2,0,0,0,Ganada,0,0,0,0,24.8,149,sábado,No,,,
Temporada 2023/2024,0,UE Tavernes,8/8/2023,8:15:00 p. m.,Visitante,Camp Municipal de Tavernes de la Valldigna,Amistoso,0,Empatado,0,12,78,1-1,0,0,1,1,Empatada,Empatada,0,0,https://twitter.com/GallardoC87/status/1689021172703178752,27.5,150,martes,No,,,
Temporada 2023/2024,0,UD Alzira,12/8/2023,8:00:00 p. m.,Local,El Clariano,Amistoso,0,Perdido,0,60,30,0-1,0,1,0,0,Perdida,Empatada,0,0,0,26.6,151,sábado,No,,,
Temporada 2023/2024,0,CE Alberic Promeses,18/8/2023,7:30:00 p. m.,Visitante,Estadi Municipal Manolo Sanchis,Amistoso,0,Empatado,0,80,10,1-1,0,0,1,1,Perdida,Ganada,0,0,0,25.9,152,viernes,No,,,
Temporada 2023/2024,0,Olleria CF,23/8/2023,7:30:00 p. m.,Local,El Clariano,Amistoso,0,Ganado,50,0,40,4-1,4,1,0,0,Ganada,Ganada,0,0,0,26.3,153,miércoles,No,,,
Temporada 2023/2024,0,CD Quintanar del Rey,31/8/2023,8:00:00 p. m.,Local,El Clariano,Amistoso,0,Perdido,0,47,43,1-3,1,3,0,0,Perdida,Empatada,0,0,https://twitter.com/ontinyent1931cf/status/1697328144494043488,28.4,154,jueves,No,,,
Temporada 2023/2024,J1,CD Soneja,9/9/2023,5:00:00 p. m.,Visitante,Camp Municipal El Arco,Liga,3ª RFEF,Ganado,8,24,58,1-2,0,0,1,2,Empatada,Ganada,1,0,https://www.youtube.com/watch?v=croLPA_I4hI&t=4943s&ab_channel=CDSONEJALANARANJAMECANICA,27.5,155,sábado,Si,"Lazaro Prieto, Gustavo","Ramirez Henao, Mauricio","Barba Bon, David"
Temporada 2023/2024,J2,CF Gandia,17/9/2023,6:00:00 p. m.,Local,El Clariano,Liga,3ª RFEF,Ganado,2,0,88,1-0,1,0,0,0,Empatada,Ganada,0,0,https://www.youtube.com/watch?v=5t4HKPVculQ&t=203s&ab_channel=PeriodicOntinyent,26.9,156,domingo,Si,"Carrillo Garcia, Salvador","Ferrer Grau, Jorge","Rodriguez Mejias, Jose Carlos"
Temporada 2023/2024,J3,FC Jove Español,23/9/2023,5:00:00 p. m.,Visitante,Ciudad Deportiva San Vicente del Raspeig,Liga,3ª RFEF,Empatado,0,0,90,0-0,0,0,0,0,Empatada,Empatada,0,0,0,25.7,157,sábado,Si,"Perez Alcocer, Pablo","Miralles Almagro, Victoria","Garcia Noales, Miguel"
Temporada 2023/2024,J4,Patacona CF,1/10/2023,6:00:00 p. m.,Local,El Clariano,Liga,3ª RFEF,Empatado,0,0,90,0-0,0,0,0,0,Empatada,Empatada,0,0,https://www.youtube.com/watch?v=DewJSzhXbBM&t=104s&ab_channel=PeriodicOntinyent,25.9,158,domingo,Si,"Navarro Irles, Jorge","Parra Rodriguez, Adrian","Agullo Moreno, Oscar"
Temporada 2023/2024,J5,UD Castellonense,8/10/2023,5:00:00 p. m.,Visitante,Camp Municipal de l'Almena,Liga,3ª RFEF,Ganado,65,0,25,0-1,0,0,0,1,Ganada,Empatada,0,0,https://www.youtube.com/watch?v=jz6CZGFMiNw&ab_channel=Golsmedia,27.9,159,domingo,Si,"Baño Solera, Francesc","Adell Tomas, Nicolas ","Barba Bon, David"
Temporada 2023/2024,J6,Athletic Club Torrellano,15/10/2023,6:00:00 p. m.,Local,El Clariano,Liga,3ª RFEF,Ganado,33,0,57,2-0,2,0,0,0,Empatada,Ganada,0,0,https://www.youtube.com/watch?v=4HfZURObHMg&t=266s&ab_channel=PeriodicOntinyent,25.3,160,domingo,Si,"Selva Vicente, Cristian","Navarro Landete, Alejandro Matias","Santamaria Llopis, Dumar"
Temporada 2023/2024,J7,Atzeneta UE,21/10/2023,5:00:00 p. m.,Visitante,Camp Municipal El Regit,Liga,3ª RFEF,Ganado,33,0,57,0-1,0,0,0,1,Empatada,Ganada,0,0,https://www.youtube.com/watch?v=MIQpaonBO6k&t=57s&ab_channel=FFCV,26.8,161,sábado,Si,"Lopez Rodriguez, Jose Manuel","Martinez Cifuentes, Ismael","Ibañez Casanova, Mauro"
Temporada 2023/2024,J8,CD Burriana,29/10/2023,5:00:00 p. m.,Local,El Clariano,Liga,3ª RFEF,Ganado,64,0,26,2-0,2,0,0,0,Ganada,Ganada,0,0,https://www.youtube.com/watch?v=WQ42ifjhR80&t=12s&ab_channel=PeriodicOntinyent,24.1,162,domingo,Si,"Albaladejo Garcia, Carlos","Remon Tello, Ainhoa","Lopez Del Precinto, David"
Temporada 2023/2024,J9,Levante UD B,5/11/2023,12:00:00 p. m.,Visitante,Ciudad Deportiva del Levante UD,Liga,3ª RFEF,Perdido,0,15,75,1-0,0,0,1,0,Empatada,Perdida,0,0,https://www.youtube.com/watch?v=HH446fJODZE&t=87s&ab_channel=FFCV,25.9,163,domingo,Si,"Ortiz Montesinos, Jose","Cobianu, Dumitru Alin","Lluna Olarte, Enrique"
Temporada 2023/2024,J10,CD Utiel,12/11/2023,5:00:00 p. m.,Local,El Clariano,Liga,3ª RFEF,Empatado,0,8,82,1-1,1,1,0,0,Empatada,Empatada,0,0,https://www.youtube.com/watch?v=Dr91kySc2Jg&ab_channel=PeriodicOntinyent,26.6,164,domingo,Si,"Esteban Lopez, Mariano","Selva Vicente, Jaime","Romero Perez, Jose"
Temporada 2023/2024,J11,Elche CF B,19/11/2023,11:30:00 a. m.,Visitante,Estadio Martinez Valero,Liga,3ª RFEF,Perdido,0,86,4,2-1,0,0,2,1,Perdida,Ganada,0,0,https://app.veo.co/matches/20231119-pj1120231119ili-vs-ont-2-1-55afd51a/,27.1,165,domingo,Si,"Selva Vicente, Cristian","Martinez Lopez, Daniel Jesus","Bernabeu Campello, Javier"
Temporada 2023/2024,J12,Villarreal CF C,26/11/2023,5:00:00 p. m.,Local,El Clariano,Liga,3ª RFEF,Perdido,30,1,59,1-2,1,2,0,0,Ganada,Perdida,0,1,https://www.youtube.com/watch?v=cBFYwgGP5kU&ab_channel=PeriodicOntinyent,24.9,166,domingo,Si,"Martinez Ibañez, Alejandro","Martinez Rivera, Pedro Jose","Donate Robles, Juan Jose"
Temporada 2023/2024,J13,Silla CF,6/12/2023,12:00:00 p. m.,Local,El Clariano,Liga,3ª RFEF,Ganado,63,0,27,2-1,2,1,0,0,Ganada,Ganada,0,0,https://www.youtube.com/watch?v=s4ulrqTF-O4&t=34s&ab_channel=PeriodicOntinyent,28.4,167,miércoles,Si,"Carrillo Garcia, Salvador","Ferrer Grau, Jorge","Boix Perez, Lucas"
Temporada 2023/2024,J14,UD Rayo Ibense,17/12/2023,12:00:00 p. m.,Visitante,Estadio Municipal Francisco Vilaplana Mariel,Liga,3ª RFEF,Empatado,0,0,90,0-0,0,0,0,0,Empatada,Empatada,0,0,0,24.6,168,domingo,Si,"Lopez Rodriguez, Jose Manuel","Martinez Cifuentes, Ismael","Belando Carpena, Santos Javier"
Temporada 2023/2024,J15,CD Roda,7/1/2024,5:00:00 p. m.,Local,El Clariano,Liga,3ª RFEF,Ganado,35,0,55,1-0,1,0,0,0,Empatada,Ganada,0,0,https://www.youtube.com/watch?v=8SWcJeIe9Wg&t=29s&ab_channel=PeriodicOntinyent,25.1,169,domingo,Si,"Muñoz Mendiola, Manuel Jose","Martinez Ibañez, Alvaro","Ruiz Sanchez, Daniel"
Temporada 2023/2024,J16,CD Acero,14/1/2024,5:00:00 p. m.,Visitante,Estadio El Fornas,Liga,3ª RFEF,Ganado,3,0,87,1-2,0,0,1,2,Empatada,Ganada,0,0,https://www.youtube.com/watch?v=hew3fVL9RAM&ab_channel=FFCV,25.1,170,domingo,Si,"Sanchez Agramunt, Ivan","Morillo Gregorio, Juan Manuel","Cheza Boix, Jose Vicente"
Temporada 2023/2024,J17,CD Castellon B,21/1/2024,5:00:00 p. m.,Local,El Clariano,Liga,3ª RFEF,Ganado,12,0,78,1-0,1,0,0,0,Empatada,Ganada,0,0,https://www.youtube.com/watch?v=AYc0tC_v7jU&ab_channel=PeriodicOntinyent,26.1,171,domingo,Si,"Lopez Rodriguez, Jose Manuel","Martinez Cifuentes, Ismael","Belando Carpena, Santos Javier"
Temporada 2023/2024,J18,CD Soneja,28/1/2024,5:00:00 p. m.,Local,El Clariano,Liga,3ª RFEF,Ganado,66,0,24,2-0,2,0,0,0,Ganada,Empatada,0,0,https://www.youtube.com/watch?v=Py2yEoiOOmA&ab_channel=PeriodicOntinyent,26.6,172,domingo,Si,"Martinez Ibañez, Alejandro","Martinez Rivera, Pedro Jose","Ortiz Perez Ojeda, Sergio"
Temporada 2023/2024,J19,CF Gandia,4/2/2024,4:30:00 p. m.,Visitante,Estadio Guillermo Olagüe,Liga,3ª RFEF,Ganado,77,0,13,0-2,0,0,0,2,Ganada,Ganada,0,0,https://www.youtube.com/watch?v=xrSgaLrHC7o&t=6334s&ab_channel=Televisi%C3%B3Comarcal,25.3,173,domingo,Si,"Albaladejo Garcia, Carlos","Remon Tello, Ainhoa","Espigares Jimenez, Emilio"
Temporada 2023/2024,J20,FC Jove Español,11/2/2024,5:00:00 p. m.,Local,El Clariano,Liga,3ª RFEF,Perdido,0,5,85,0-1,0,1,0,0,Empatada,Perdida,0,0,https://www.youtube.com/watch?v=UAbtgLggIVA&ab_channel=PeriodicOntinyent,25.3,174,domingo,Si,"Navarro Irles, Jorge","Martinez Barquero, Alejandro","Agullo Moreno, Oscar"
Temporada 2023/2024,J21,Patacona CF,17/2/2024,4:00:00 p. m.,Visitante,Campo Municipal de la Patacona,Liga,3ª RFEF,Ganado,18,0,72,1-2,0,0,1,2,Empatada,Ganada,0,0,https://www.youtube.com/watch?v=kWipDJIiVz4&t=209s&ab_channel=FFCV,27.0,175,sábado,Si,"Lazaro Prieto, Gustavo","Remon Tello, Ainhoa","Planells Carrizosa, Cristian"
Temporada 2023/2024,J23,Athletic Club Torrellano,2/3/2024,4:00:00 p. m.,Visitante,Campo Municipal de Torrellano,Liga,3ª RFEF,Ganado,39,4,47,2-3,0,0,2,3,Ganada,Empatada,1,0,https://www.youtube.com/watch?v=c1A5CeC2ct0&ab_channel=Ontinyent1931CF,26.8,176,sábado,Si,"Albaladejo Garcia, Carlos","Martinez Lopez, Daniel Jesus","Lopez Herrero, Emilio Luis"
Temporada 2023/2024,J24,Atzeneta UE,10/3/2024,5:00:00 p. m.,Local,El Clariano,Liga,3ª RFEF,Ganado,73,0,17,1-0,1,0,0,0,Ganada,Empatada,0,0,https://www.youtube.com/watch?v=z6b-ae5rD1M&ab_channel=PeriodicOntinyent,25.8,177,domingo,Si,"Muñoz Mendiola, Manuel Jose","Martinez Ibañez, Alvaro","Pomares Murphy, Alejandro"
Temporada 2023/2024,J25,CD Burriana,16/3/2024,4:00:00 p. m.,Visitante,Campo Municipal Joan Manuel Canos Ferrer,Liga,3ª RFEF,Perdido,0,89,1,3-1,0,0,3,1,Perdida,Ganada,0,0,https://www.youtube.com/watch?v=zcwGz5wnIHc&t=138s&ab_channel=FFCV,25.6,178,sábado,Si,"Blasco Miquel, Francisco Jose","Rodas Mendoza, Jerson Adalid","Jimenez Marti, Ismael"
Temporada 2023/2024,J22,UD Castellonense,20/3/2024,8:00:00 p. m.,Local,El Clariano,Liga,3ª RFEF,Ganado,1,0,89,2-0,2,0,0,0,Empatada,Ganada,0,0,https://www.youtube.com/watch?v=pLNr8wZ9wcU&t=2s,27.0,179,miércoles,Si,"Soder, Carlos Eduardo","Lloret Soriano, Gaspar","Chaves Gallego, Alejandro"
Temporada 2023/2024,J26,Levante UD B,24/3/2024,5:00:00 p. m.,Local,El Clariano,Liga,3ª RFEF,Ganado,47,0,43,1-0,1,0,0,0,Ganada,Empatada,0,0,https://www.youtube.com/watch?v=0Nt8ZkSNaFw,25.9,180,domingo,Si,"Lopez Rodriguez, Jose Manuel","Martinez Cifuentes, Ismael","Belando Carpena, Santos Javier"
Temporada 2023/2024,J27,CD Utiel,29/3/2024,5:00:00 p. m.,Visitante,Estadio Municipal La Celadilla Utiel,Liga,3ª RFEF,Perdido,0,68,22,1-0,0,0,1,0,Perdida,Empatada,0,0,https://twitter.com/GolsmediaCVal/status/1774719969890037938/video/1,26.5,181,viernes,Si,"Herranz Monge, Octavio","Morillo Gregorio, Juan Manuel","Paredes Tronchoni, Gorka"
Temporada 2023/2024,J28,Elche CF B,7/4/2024,6:00:00 p. m.,Local,El Clariano,Liga,3ª RFEF,Empatado,56,0,34,1-1,1,1,0,0,Ganada,Empatada,0,0,https://app.veo.co/matches/20240407-pj2820240407ili-vs-ont-1-1-62be8c87/,26.0,182,domingo,Si,"Baño Solera, Francesc","Dragos Serban, Nicolae","Paredes Tronchoni, Gorka"
Temporada 2023/2024,J29,Villareal CF C,14/4/2024,12:00:00 p. m.,Visitante,Ciudad Deportiva Jose Manuel Llaneza Mini Estadi,Liga,3ª RFEF,Perdido,0,35,55,2-1,0,0,2,1,Perdida,Empatada,0,0,https://www.youtube.com/watch?v=kd1rUScj3xQ&ab_channel=VillarrealCF,25.6,183,domingo,Si,"Bueno Miralles, Rafael","Sanchez Montes, Dario","Ramirez Robles, Ivan"
Temporada 2023/2024,J30,Silla CF,21/4/2024,5:00:00 p. m.,Visitante,Polideportivo Municipal Vicente Morera,Liga,3ª RFEF,Perdido,0,82,8,3-2,0,0,3,2,Perdida,Ganada,0,0,https://www.youtube.com/watch?v=y5w-4GwQKrs&ab_channel=GolsmediaCV,24.7,184,domingo,Si,"Navarro Irles, Jorge","Martinez Rivera, Pedro Jose","Monera Lucas, Miguel Maria"
Temporada 2023/2024,J31,UD Rayo Ibense,26/4/2024,8:00:00 p. m.,Local,El Clariano,Liga,3ª RFEF,Ganado,1,0,89,1-0,1,0,0,0,Empatada,Ganada,0,0,https://www.youtube.com/watch?v=Jc2_h-b085c&ab_channel=GolsmediaCV,25.0,185,viernes,Si,"Albaladejo Garcia, Carlos","Ferrer Grau, Jorge","Migallon Tarraga, Alex Francisco"
Temporada 2023/2024,J32,CD Roda,1/5/2024,6:00:00 p. m.,Visitante,Ciudad Deportiva Pamesa Ceramica Campo 3,Liga,3ª RFEF,Perdido,0,67,23,2-0,0,0,2,0,Perdida,Perdida,0,0,https://www.youtube.com/watch?v=x8LNCVYNi18&ab_channel=FFCV,25.0,186,miércoles,Si,"Esteban Lopez, Mariano","Garcia Guerrero, Adrian","Lopez Herraiz, Enrique Vicente"
Temporada 2023/2024,J33,CD Acero,5/5/2024,6:00:00 p. m.,Local,El Clariano,Liga,3ª RFEF,Empatado,42,28,20,2-2,2,2,0,0,Ganada,Perdida,0,1,https://www.youtube.com/watch?v=g9BeLTJiAVU&ab_channel=PeriodicOntinyent,25.2,187,domingo,Si,"Carrillo Garcia, Salvador","Martinez Barquero, Alejandro","Barragan Cerdan, Miguel Angel"
Temporada 2023/2024,J34,CD Castellon B,12/5/2024,6:00:00 p. m.,Visitante,Nuevo Estadio Castalia,Liga,3ª RFEF,Perdido,0,75,15,2-0,0,0,2,0,Perdida,Perdida,0,0,https://www.youtube.com/watch?v=r-IIfujtspE&ab_channel=MOLLTV,24.6,188,domingo,Si,"Bueno Miralles, Rafael","Sanchez Montes, Dario","Ezaydy Boulman, Ali"
Temporada 2023/2024,Cuartos,Atzeneta UE,18/5/2024,6:30:00 p. m.,Visitante,Camp Municipal El Regit,PlayOffs,PlayOff a Segunda RFEF ida,Empatado,0,60,30,1-1,0,0,1,1,Perdida,Ganada,0,0,https://www.youtube.com/watch?v=yyZvkhbK58E&t=91s&ab_channel=GolsmediaCV,26.5,189,sábado,Si,"Carballa Miñana, Jose Miguel","Dragos Serban, Nicolae","Garcia Cebrian, Alejandro"
Temporada 2023/2024,Cuartos,Atzeneta UE,26/5/2024,7:00:00 p. m.,Local,El Clariano,PlayOffs,PlayOff a Segunda RFEF vuelta,Perdido,0,36,54,0-1,0,1,0,0,Empatada,Perdida,0,0,https://www.youtube.com/watch?v=jAII0xutrl4&t=186s&ab_channel=AraLaVall,24.0,190,domingo,Si,"Herranz Monge, Octavio","Morillo Gregorio, Juan Manuel","Ponce Guillem, Alberto"
